purchasing_group,plant,material_group,description,supplier_id,product_id,quantity,unit_price,net_value,month,unit,purchase_order_id,created_date,status
PG-MEAL,,MEAL,Soybean Meal,SUPP_PACK_08,MAT-6002,2822.0,2.17,6123.74,2025-03,KG,PO-2025-0001,2025-03-04,Approved
PG-MEAL,,MEAL,Soybean Meal,SUPP_PACK_08,MAT-6002,4180.0,2.43,10157.4,2025-03,KG,PO-2025-0001,2025-03-04,Approved
PG-MEAL,,MEAL,Soybean Meal,SUPP_PACK_02,MAT-6002,1019.0,2.23,2272.37,2025-03,KG,PO-2025-0002,2025-03-03,Released
PG-MEAL,,MEAL,Soybean Meal,SUPP_PACK_02,MAT-6002,4266.0,2.04,8702.64,2025-03,KG,PO-2025-0002,2025-03-03,Released
PG-MEAL,,MEAL,Soybean Meal,SUPP_PACK_02,MAT-6002,1301.0,2.28,2966.28,2025-03,KG,PO-2025-0002,2025-03-03,Released
PG-MEAL,,MEAL,Soybean Meal,SUPP_PACK_02,MAT-6002,3748.0,2.4,8995.2,2025-03,KG,PO-2025-0002,2025-03-03,Released
PG-MEAL,,MEAL,Soybean Meal,SUPP_PACK_02,MAT-6002,4073.0,2.17,8838.41,2025-03,KG,PO-2025-0002,2025-03-03,Released
PG-MEAL,,MEAL,Soybean Meal,SUPP_PACK_03,MAT-6002,2454.0,2.17,5325.18,2025-03,KG,PO-2025-0003,2025-03-24,Released
PG-MEAL,,MEAL,Soybean Meal,SUPP_PACK_03,MAT-6002,3205.0,2.04,6538.2,2025-03,KG,PO-2025-0003,2025-03-24,Released
PG-MEAL,,MEAL,Soybean Meal,SUPP_PACK_01,MAT-6002,2995.0,2.25,6738.75,2025-07,KG,PO-2025-0004,2025-07-07,Pending
PG-MEAL,,GRAIN,Corn,SUPP_PACK_01,MAT-5204,3959.0,1.49,5898.91,2025-07,KG,PO-2025-0004,2025-07-07,Pending
PG-MEAL,,ADD,Rumen Protected Fat,SUPP_PACK_01,MAT-4077,713.0,4.0,2852.0,2025-07,KG,PO-2025-0004,2025-07-07,Pending
PG-MEAL,,OILSEED,Canola Seeds,SUPP_PACK_01,MAT-4862,3484.0,1.83,6375.72,2025-07,KG,PO-2025-0004,2025-07-07,Pending
PG-MEAL,,GRAIN,Corn,SUPP_PACK_01,MAT-5204,1934.0,1.29,2494.86,2025-07,KG,PO-2025-0004,2025-07-07,Pending
PG-BYPROD,,BYPROD,Wheat Bran,SUPP_PACK_03,MAT-6214,684.0,0.5,342.0,2025-09,KG,PO-2025-0005,2025-09-30,Pending
PG-BYPROD,,GRAIN,Corn,SUPP_PACK_03,MAT-5204,674.0,1.53,1031.22,2025-09,KG,PO-2025-0005,2025-09-30,Pending
PG-BYPROD,,ADD,Rumen Protected Fat,SUPP_PACK_03,MAT-4077,4933.0,4.24,20915.92,2025-09,KG,PO-2025-0005,2025-09-30,Pending
PG-BYPROD,,GRAIN,Corn,SUPP_PACK_03,MAT-5204,1533.0,1.46,2238.18,2025-09,KG,PO-2025-0005,2025-09-30,Pending
PG-BYPROD,,FORAGE,Alfalfa,SUPP_PACK_03,MAT-5627,3721.0,1.11,4130.31,2025-09,KG,PO-2025-0005,2025-09-30,Pending
PG-MEAL,,MEAL,Soybean Meal,SUPP_PACK_01,MAT-6002,2402.0,2.38,5716.76,2025-10,KG,PO-2025-0006,2025-10-06,Pending
PG-MEAL,,ADD,Molasses,SUPP_PACK_01,MAT-3159,4238.0,0.99,4195.62,2025-10,L,PO-2025-0006,2025-10-06,Pending
PG-MEAL,,BYPROD,Wheat Bran,SUPP_PACK_01,MAT-6214,1299.0,0.64,831.36,2025-10,KG,PO-2025-0006,2025-10-06,Pending
PG-MEAL,,ADD,Rumen Protected Fat,SUPP_PACK_01,MAT-4077,4742.0,3.93,18636.06,2025-10,KG,PO-2025-0006,2025-10-06,Pending
PG-MEAL,,FORAGE,Alfalfa,SUPP_PACK_01,MAT-5627,3238.0,0.88,2849.44,2025-10,KG,PO-2025-0006,2025-10-06,Pending
PG-BYPROD,,BYPROD,Wheat Bran,SUPP_PACK_07,MAT-6214,1327.0,0.9,1194.3,2025-06,KG,PO-2025-0007,2025-06-29,Approved
PG-BYPROD,,BYPROD,Wheat Bran,SUPP_PACK_07,MAT-6214,3766.0,0.73,2749.18,2025-06,KG,PO-2025-0007,2025-06-29,Approved
PG-BYPROD,,OILSEED,Canola Seeds,SUPP_PACK_07,MAT-4862,1904.0,2.07,3941.28,2025-06,KG,PO-2025-0007,2025-06-29,Approved
PG-BYPROD,,ADD,Molasses,SUPP_PACK_07,MAT-3159,3254.0,0.73,2375.42,2025-06,L,PO-2025-0007,2025-06-29,Approved
PG-BYPROD,,MEAL,Soybean Meal,SUPP_PACK_07,MAT-6002,3439.0,2.09,7187.51,2025-06,KG,PO-2025-0007,2025-06-29,Approved
PG-MEAL,,MEAL,Soybean Meal,SUPP_PACK_03,MAT-6002,3566.0,2.38,8487.08,2025-03,KG,PO-2025-0008,2025-03-22,Approved
PG-MEAL,,MEAL,Soybean Meal,SUPP_PACK_03,MAT-6002,4561.0,2.05,9350.05,2025-03,KG,PO-2025-0008,2025-03-22,Approved
PG-MEAL,,MEAL,Soybean Meal,SUPP_PACK_03,MAT-6002,2354.0,2.14,5037.56,2025-06,KG,PO-2025-0009,2025-06-07,Pending
PG-MEAL,,MEAL,Soybean Meal,SUPP_PACK_03,MAT-6002,3247.0,2.42,7857.74,2025-06,KG,PO-2025-0009,2025-06-07,Pending
PG-GRAIN,,GRAIN,Barley Grain,SUPP_PACK_01,MAT-7729,2799.0,1.35,3778.65,2025-12,KG,PO-2025-0010,2025-12-02,Pending
PG-GRAIN,,BYPROD,Wheat Bran,SUPP_PACK_01,MAT-6214,1514.0,0.58,878.12,2025-12,KG,PO-2025-0010,2025-12-02,Pending
PG-GRAIN,,OILSEED,Canola Seeds,SUPP_PACK_01,MAT-4862,3960.0,2.02,7999.2,2025-12,KG,PO-2025-0010,2025-12-02,Pending
PG-GRAIN,,OILSEED,Canola Seeds,SUPP_PACK_01,MAT-4862,2729.0,2.01,5485.29,2025-12,KG,PO-2025-0010,2025-12-02,Pending
PG-ADDITIVES,,ADD,Molasses,SUPP_PACK_03,MAT-3159,767.0,0.97,743.99,2025-06,L,PO-2025-0011,2025-06-26,Approved
PG-ADDITIVES,,FORAGE,Alfalfa,SUPP_PACK_03,MAT-5627,1878.0,1.05,1971.9,2025-06,KG,PO-2025-0011,2025-06-26,Approved
PG-ADDITIVES,,ADD,Molasses,SUPP_PACK_03,MAT-3159,954.0,0.87,829.98,2025-06,L,PO-2025-0011,2025-06-26,Approved
PG-ADDITIVES,,ADD,Molasses,SUPP_PACK_03,MAT-3159,4131.0,0.67,2767.77,2025-06,L,PO-2025-0011,2025-06-26,Approved
PG-ADDITIVES,,BYPROD,Wheat Bran,SUPP_PACK_03,MAT-6214,3139.0,0.89,2793.71,2025-06,KG,PO-2025-0011,2025-06-26,Approved
PG-BYPROD,,BYPROD,Wheat Bran,SUPP_PACK_08,MAT-6214,2103.0,0.88,1850.64,2025-06,KG,PO-2025-0012,2025-06-15,Released
PG-BYPROD,,FORAGE,Alfalfa,SUPP_PACK_08,MAT-5627,1873.0,0.95,1779.35,2025-06,KG,PO-2025-0012,2025-06-15,Released
PG-BYPROD,,FORAGE,Alfalfa,SUPP_PACK_08,MAT-5627,598.0,0.93,556.14,2025-06,KG,PO-2025-0012,2025-06-15,Released
PG-BYPROD,,MEAL,Soybean Meal,SUPP_PACK_08,MAT-6002,1744.0,2.31,4028.64,2025-06,KG,PO-2025-0012,2025-06-15,Released
PG-ADDITIVES,,ADD,Molasses,SUPP_PACK_03,MAT-3159,4973.0,0.81,4028.13,2025-12,L,PO-2025-0013,2025-12-05,Released
PG-ADDITIVES,,FORAGE,Alfalfa,SUPP_PACK_03,MAT-5627,760.0,1.01,767.6,2025-12,KG,PO-2025-0013,2025-12-05,Released
PG-MEAL,,MEAL,Soybean Meal,SUPP_PACK_03,MAT-6002,2984.0,2.19,6534.96,2025-03,KG,PO-2025-0014,2025-03-25,Approved
PG-MEAL,,MEAL,Soybean Meal,SUPP_PACK_03,MAT-6002,3698.0,2.01,7432.98,2025-03,KG,PO-2025-0014,2025-03-25,Approved
PG-MEAL,,MEAL,Soybean Meal,SUPP_PACK_03,MAT-6002,1782.0,2.31,4116.42,2025-03,KG,PO-2025-0014,2025-03-25,Approved
PG-GRAIN,,GRAIN,Corn,SUPP_PACK_03,MAT-5204,3632.0,1.38,5012.16,2025-01,KG,PO-2025-0015,2025-01-26,Released
PG-GRAIN,,GRAIN,Corn,SUPP_PACK_03,MAT-5204,3527.0,1.49,5255.23,2025-01,KG,PO-2025-0015,2025-01-26,Released
PG-GRAIN,,GRAIN,Corn,SUPP_PACK_03,MAT-5204,2280.0,1.57,3579.6,2025-01,KG,PO-2025-0015,2025-01-26,Released
PG-BYPROD,,BYPROD,Wheat Bran,SUPP_PACK_03,MAT-6214,2623.0,0.86,2255.78,2025-07,KG,PO-2025-0016,2025-07-13,Pending
PG-BYPROD,,FORAGE,Alfalfa,SUPP_PACK_03,MAT-5627,4839.0,0.87,4209.93,2025-07,KG,PO-2025-0016,2025-07-13,Pending
PG-BYPROD,,GRAIN,Barley Grain,SUPP_PACK_03,MAT-7729,1862.0,1.22,2271.64,2025-07,KG,PO-2025-0016,2025-07-13,Pending
PG-BYPROD,,OILSEED,Canola Seeds,SUPP_PACK_03,MAT-4862,596.0,1.85,1102.6,2025-07,KG,PO-2025-0016,2025-07-13,Pending
PG-BYPROD,,GRAIN,Barley Grain,SUPP_PACK_03,MAT-7729,961.0,1.38,1326.18,2025-07,KG,PO-2025-0016,2025-07-13,Pending
PG-GRAIN,,GRAIN,Barley Grain,SUPP_PACK_01,MAT-7729,1606.0,1.09,1750.54,2025-06,KG,PO-2025-0017,2025-06-09,Pending
PG-GRAIN,,GRAIN,Barley Grain,SUPP_PACK_01,MAT-7729,1921.0,1.17,2247.57,2025-06,KG,PO-2025-0017,2025-06-09,Pending
PG-ADDITIVES,,ADD,Rumen Protected Fat,SUPP_PACK_01,MAT-4077,743.0,4.36,3239.48,2025-07,KG,PO-2025-0018,2025-07-02,Pending
PG-ADDITIVES,,BYPROD,Wheat Bran,SUPP_PACK_01,MAT-6214,3959.0,0.65,2573.35,2025-07,KG,PO-2025-0018,2025-07-02,Pending
PG-ADDITIVES,,GRAIN,Corn,SUPP_PACK_01,MAT-5204,1443.0,1.31,1890.33,2025-07,KG,PO-2025-0018,2025-07-02,Pending
PG-ADDITIVES,,OILSEED,Canola Seeds,SUPP_PACK_01,MAT-4862,2450.0,2.16,5292.0,2025-07,KG,PO-2025-0018,2025-07-02,Pending
PG-MEAL,,MEAL,Soybean Meal,SUPP_PACK_01,MAT-6002,4850.0,2.34,11349.0,2025-10,KG,PO-2025-0019,2025-10-04,Pending
PG-MEAL,,GRAIN,Barley Grain,SUPP_PACK_01,MAT-7729,3242.0,1.24,4020.08,2025-10,KG,PO-2025-0019,2025-10-04,Pending
PG-MEAL,,MEAL,Soybean Meal,SUPP_PACK_01,MAT-6002,3369.0,2.46,8287.74,2025-10,KG,PO-2025-0019,2025-10-04,Pending
PG-MEAL,,BYPROD,Wheat Bran,SUPP_PACK_01,MAT-6214,4152.0,0.88,3653.76,2025-10,KG,PO-2025-0019,2025-10-04,Pending
PG-MEAL,,GRAIN,Corn,SUPP_PACK_01,MAT-5204,2426.0,1.24,3008.24,2025-10,KG,PO-2025-0019,2025-10-04,Pending
PG-MEAL,,MEAL,Soybean Meal,SUPP_PACK_02,MAT-6002,3900.0,2.3,8970.0,2025-03,KG,PO-2025-0020,2025-03-10,Released
PG-MEAL,,MEAL,Soybean Meal,SUPP_PACK_02,MAT-6002,2271.0,2.18,4950.78,2025-03,KG,PO-2025-0020,2025-03-10,Released
PG-MEAL,,MEAL,Soybean Meal,SUPP_PACK_02,MAT-6002,1067.0,2.25,2400.75,2025-03,KG,PO-2025-0020,2025-03-10,Released
PG-MEAL,,MEAL,Soybean Meal,SUPP_PACK_03,MAT-6002,3789.0,2.44,9245.16,2025-03,KG,PO-2025-0021,2025-03-25,Pending
PG-MEAL,,MEAL,Soybean Meal,SUPP_PACK_03,MAT-6002,1100.0,2.15,2365.0,2025-03,KG,PO-2025-0021,2025-03-25,Pending
PG-ADDITIVES,,ADD,Rumen Protected Fat,SUPP_PACK_04,MAT-4077,2193.0,4.02,8815.86,2025-08,KG,PO-2025-0022,2025-08-14,Approved
PG-ADDITIVES,,MEAL,Soybean Meal,SUPP_PACK_04,MAT-6002,4833.0,2.39,11550.87,2025-08,KG,PO-2025-0022,2025-08-14,Approved
PG-ADDITIVES,,GRAIN,Corn,SUPP_PACK_04,MAT-5204,1228.0,1.36,1670.08,2025-08,KG,PO-2025-0022,2025-08-14,Approved
PG-ADDITIVES,,OILSEED,Canola Seeds,SUPP_PACK_04,MAT-4862,4767.0,1.9,9057.3,2025-08,KG,PO-2025-0022,2025-08-14,Approved
PG-ADDITIVES,,MEAL,Soybean Meal,SUPP_PACK_04,MAT-6002,2443.0,2.45,5985.35,2025-08,KG,PO-2025-0022,2025-08-14,Approved
PG-GRAIN,,GRAIN,Corn,SUPP_PACK_08,MAT-5204,1906.0,1.45,2763.7,2025-02,KG,PO-2025-0023,2025-02-24,Approved
PG-GRAIN,,GRAIN,Corn,SUPP_PACK_08,MAT-5204,4085.0,1.5,6127.5,2025-02,KG,PO-2025-0023,2025-02-24,Approved
PG-GRAIN,,GRAIN,Corn,SUPP_PACK_08,MAT-5204,4157.0,1.26,5237.82,2025-02,KG,PO-2025-0023,2025-02-24,Approved
PG-FORAGE,,FORAGE,Alfalfa,SUPP_PACK_02,MAT-5627,2161.0,0.85,1836.85,2025-07,KG,PO-2025-0024,2025-07-08,Released
PG-FORAGE,,OILSEED,Canola Seeds,SUPP_PACK_02,MAT-4862,1857.0,2.1,3899.7,2025-07,KG,PO-2025-0024,2025-07-08,Released
PG-MEAL,,MEAL,Soybean Meal,SUPP_PACK_01,MAT-6002,2333.0,2.12,4945.96,2025-05,KG,PO-2025-0025,2025-05-21,Approved
PG-MEAL,,OILSEED,Canola Seeds,SUPP_PACK_01,MAT-4862,1517.0,1.88,2851.96,2025-05,KG,PO-2025-0025,2025-05-21,Approved
PG-MEAL,,BYPROD,Wheat Bran,SUPP_PACK_01,MAT-6214,3644.0,0.69,2514.36,2025-05,KG,PO-2025-0025,2025-05-21,Approved
PG-MEAL,,GRAIN,Corn,SUPP_PACK_01,MAT-5204,4293.0,1.42,6096.06,2025-05,KG,PO-2025-0025,2025-05-21,Approved
PG-GRAIN,,GRAIN,Corn,SUPP_PACK_07,MAT-5204,902.0,1.21,1091.42,2025-02,KG,PO-2025-0026,2025-02-02,Pending
PG-GRAIN,,GRAIN,Corn,SUPP_PACK_07,MAT-5204,3056.0,1.57,4797.92,2025-02,KG,PO-2025-0026,2025-02-02,Pending
PG-GRAIN,,GRAIN,Corn,SUPP_PACK_07,MAT-5204,1032.0,1.47,1517.04,2025-02,KG,PO-2025-0026,2025-02-02,Pending
PG-GRAIN,,GRAIN,Corn,SUPP_PACK_07,MAT-5204,3311.0,1.22,4039.42,2025-02,KG,PO-2025-0026,2025-02-02,Pending
PG-GRAIN,,GRAIN,Corn,SUPP_PACK_01,MAT-5204,3123.0,1.41,4403.43,2025-10,KG,PO-2025-0027,2025-10-31,Pending
PG-GRAIN,,FORAGE,Alfalfa,SUPP_PACK_01,MAT-5627,4732.0,0.89,4211.48,2025-10,KG,PO-2025-0027,2025-10-31,Pending
PG-GRAIN,,ADD,Rumen Protected Fat,SUPP_PACK_01,MAT-4077,847.0,3.9,3303.3,2025-10,KG,PO-2025-0027,2025-10-31,Pending
PG-GRAIN,,GRAIN,Corn,SUPP_PACK_01,MAT-5204,936.0,1.57,1469.52,2025-10,KG,PO-2025-0027,2025-10-31,Pending
PG-GRAIN,,GRAIN,Barley Grain,SUPP_PACK_01,MAT-7729,2808.0,1.01,2836.08,2025-10,KG,PO-2025-0027,2025-10-31,Pending
PG-MEAL,,MEAL,Soybean Meal,SUPP_PACK_08,MAT-6002,3843.0,2.01,7724.43,2025-03,KG,PO-2025-0028,2025-03-24,Released
PG-MEAL,,MEAL,Soybean Meal,SUPP_PACK_08,MAT-6002,3960.0,2.45,9702.0,2025-03,KG,PO-2025-0028,2025-03-24,Released
PG-MEAL,,MEAL,Soybean Meal,SUPP_PACK_08,MAT-6002,1646.0,2.43,3999.78,2025-03,KG,PO-2025-0028,2025-03-24,Released
PG-MEAL,,MEAL,Soybean Meal,SUPP_PACK_08,MAT-6002,4511.0,2.02,9112.22,2025-03,KG,PO-2025-0028,2025-03-24,Released
PG-MEAL,,MEAL,Soybean Meal,SUPP_PACK_08,MAT-6002,1454.0,2.25,3271.5,2025-03,KG,PO-2025-0028,2025-03-24,Released
PG-OIL,,OILSEED,Canola Seeds,SUPP_PACK_07,MAT-4862,2556.0,2.13,5444.28,2025-05,KG,PO-2025-0029,2025-05-19,Released
PG-OIL,,FORAGE,Alfalfa,SUPP_PACK_07,MAT-5627,3980.0,1.17,4656.6,2025-05,KG,PO-2025-0029,2025-05-19,Released
PG-OIL,,ADD,Molasses,SUPP_PACK_07,MAT-3159,3435.0,0.66,2267.1,2025-05,L,PO-2025-0029,2025-05-19,Released
PG-GRAIN,,GRAIN,Barley Grain,SUPP_PACK_02,MAT-7729,3793.0,1.17,4437.81,2025-08,KG,PO-2025-0030,2025-08-06,Released
PG-GRAIN,,BYPROD,Wheat Bran,SUPP_PACK_02,MAT-6214,611.0,0.74,452.14,2025-08,KG,PO-2025-0030,2025-08-06,Released
PG-GRAIN,,ADD,Molasses,SUPP_PACK_02,MAT-3159,3809.0,0.77,2932.93,2025-08,L,PO-2025-0030,2025-08-06,Released
PG-GRAIN,,MEAL,Soybean Meal,SUPP_PACK_02,MAT-6002,3630.0,2.03,7368.9,2025-08,KG,PO-2025-0030,2025-08-06,Released
PG-GRAIN,,BYPROD,Wheat Bran,SUPP_PACK_02,MAT-6214,1189.0,0.9,1070.1,2025-08,KG,PO-2025-0030,2025-08-06,Released
PG-MEAL,,MEAL,Soybean Meal,SUPP_PACK_03,MAT-6002,3512.0,2.47,8674.64,2025-08,KG,PO-2025-0031,2025-08-14,Approved
PG-MEAL,,OILSEED,Canola Seeds,SUPP_PACK_03,MAT-4862,4381.0,1.83,8017.23,2025-08,KG,PO-2025-0031,2025-08-14,Approved
PG-MEAL,,MEAL,Soybean Meal,SUPP_PACK_03,MAT-6002,2555.0,2.11,5391.05,2025-08,KG,PO-2025-0031,2025-08-14,Approved
PG-MEAL,,OILSEED,Canola Seeds,SUPP_PACK_03,MAT-4862,4567.0,1.93,8814.31,2025-08,KG,PO-2025-0031,2025-08-14,Approved
PG-BYPROD,,BYPROD,Wheat Bran,SUPP_PACK_09,MAT-6214,4299.0,0.61,2622.39,2025-08,KG,PO-2025-0032,2025-08-25,Approved
PG-BYPROD,,ADD,Rumen Protected Fat,SUPP_PACK_09,MAT-4077,651.0,4.11,2675.61,2025-08,KG,PO-2025-0032,2025-08-25,Approved
PG-BYPROD,,MEAL,Soybean Meal,SUPP_PACK_09,MAT-6002,608.0,2.44,1483.52,2025-08,KG,PO-2025-0032,2025-08-25,Approved
PG-BYPROD,,FORAGE,Alfalfa,SUPP_PACK_09,MAT-5627,1459.0,0.92,1342.28,2025-08,KG,PO-2025-0032,2025-08-25,Approved
PG-BYPROD,,FORAGE,Alfalfa,SUPP_PACK_09,MAT-5627,4124.0,1.05,4330.2,2025-08,KG,PO-2025-0032,2025-08-25,Approved
PG-MEAL,,MEAL,Soybean Meal,SUPP_PACK_01,MAT-6002,1884.0,2.23,4201.32,2025-04,KG,PO-2025-0033,2025-04-23,Pending
PG-MEAL,,MEAL,Soybean Meal,SUPP_PACK_01,MAT-6002,4865.0,2.31,11238.15,2025-04,KG,PO-2025-0033,2025-04-23,Pending
PG-MEAL,,MEAL,Soybean Meal,SUPP_PACK_01,MAT-6002,1516.0,2.05,3107.8,2025-04,KG,PO-2025-0033,2025-04-23,Pending
PG-MEAL,,MEAL,Soybean Meal,SUPP_PACK_01,MAT-6002,2278.0,2.44,5558.32,2025-04,KG,PO-2025-0033,2025-04-23,Pending
PG-MEAL,,MEAL,Soybean Meal,SUPP_PACK_01,MAT-6002,4815.0,2.26,10881.9,2025-04,KG,PO-2025-0033,2025-04-23,Pending
PG-MEAL,,MEAL,Soybean Meal,SUPP_PACK_01,MAT-6002,1922.0,2.01,3863.22,2025-07,KG,PO-2025-0034,2025-07-26,Released
PG-MEAL,,ADD,Rumen Protected Fat,SUPP_PACK_01,MAT-4077,2628.0,4.15,10906.2,2025-07,KG,PO-2025-0034,2025-07-26,Released
PG-MEAL,,ADD,Rumen Protected Fat,SUPP_PACK_01,MAT-4077,4328.0,3.08,13330.24,2025-07,KG,PO-2025-0034,2025-07-26,Released
PG-GRAIN,,GRAIN,Corn,SUPP_PACK_01,MAT-5204,2605.0,1.42,3699.1,2025-01,KG,PO-2025-0035,2025-01-26,Approved
PG-GRAIN,,GRAIN,Corn,SUPP_PACK_01,MAT-5204,2664.0,1.26,3356.64,2025-01,KG,PO-2025-0035,2025-01-26,Approved
PG-GRAIN,,GRAIN,Corn,SUPP_PACK_01,MAT-5204,4614.0,1.59,7336.26,2025-01,KG,PO-2025-0035,2025-01-26,Approved
PG-ADDITIVES,,ADD,Molasses,SUPP_PACK_03,MAT-3159,670.0,0.71,475.7,2025-11,L,PO-2025-0036,2025-11-25,Pending
PG-ADDITIVES,,GRAIN,Barley Grain,SUPP_PACK_03,MAT-7729,1319.0,1.28,1688.32,2025-11,KG,PO-2025-0036,2025-11-25,Pending
PG-ADDITIVES,,MEAL,Soybean Meal,SUPP_PACK_03,MAT-6002,2513.0,2.49,6257.37,2025-11,KG,PO-2025-0036,2025-11-25,Pending
PG-ADDITIVES,,GRAIN,Barley Grain,SUPP_PACK_03,MAT-7729,4516.0,1.05,4741.8,2025-11,KG,PO-2025-0036,2025-11-25,Pending
PG-ADDITIVES,,BYPROD,Wheat Bran,SUPP_PACK_03,MAT-6214,4865.0,0.68,3308.2,2025-11,KG,PO-2025-0036,2025-11-25,Pending
PG-GRAIN,,GRAIN,Corn,SUPP_PACK_03,MAT-5204,1259.0,1.27,1598.93,2025-02,KG,PO-2025-0037,2025-02-26,Approved
PG-GRAIN,,GRAIN,Corn,SUPP_PACK_03,MAT-5204,1234.0,1.31,1616.54,2025-02,KG,PO-2025-0037,2025-02-26,Approved
PG-GRAIN,,GRAIN,Corn,SUPP_PACK_03,MAT-5204,3397.0,1.48,5027.56,2025-02,KG,PO-2025-0037,2025-02-26,Approved
PG-ADDITIVES,,ADD,Molasses,SUPP_PACK_08,MAT-3159,2813.0,0.6,1687.8,2025-06,L,PO-2025-0038,2025-06-20,Approved
PG-ADDITIVES,,ADD,Molasses,SUPP_PACK_08,MAT-3159,1980.0,0.75,1485.0,2025-06,L,PO-2025-0038,2025-06-20,Approved
PG-ADDITIVES,,FORAGE,Alfalfa,SUPP_PACK_08,MAT-5627,960.0,0.97,931.2,2025-06,KG,PO-2025-0038,2025-06-20,Approved
PG-ADDITIVES,,ADD,Molasses,SUPP_PACK_08,MAT-3159,3211.0,0.96,3082.56,2025-06,L,PO-2025-0038,2025-06-20,Approved
PG-ADDITIVES,,OILSEED,Canola Seeds,SUPP_PACK_08,MAT-4862,2336.0,2.28,5326.08,2025-06,KG,PO-2025-0038,2025-06-20,Approved
PG-BYPROD,,BYPROD,Wheat Bran,SUPP_PACK_01,MAT-6214,1989.0,0.87,1730.43,2025-07,KG,PO-2025-0039,2025-07-07,Approved
PG-BYPROD,,OILSEED,Canola Seeds,SUPP_PACK_01,MAT-4862,1193.0,2.19,2612.67,2025-07,KG,PO-2025-0039,2025-07-07,Approved
PG-GRAIN,,GRAIN,Corn,SUPP_PACK_01,MAT-5204,2578.0,1.24,3196.72,2025-02,KG,PO-2025-0040,2025-02-24,Approved
PG-GRAIN,,GRAIN,Corn,SUPP_PACK_01,MAT-5204,2156.0,1.47,3169.32,2025-02,KG,PO-2025-0040,2025-02-24,Approved
PG-GRAIN,,GRAIN,Corn,SUPP_PACK_01,MAT-5204,2688.0,1.51,4058.88,2025-02,KG,PO-2025-0040,2025-02-24,Approved
PG-OIL,,OILSEED,Canola Seeds,SUPP_PACK_02,MAT-4862,4764.0,2.18,10385.52,2025-06,KG,PO-2025-0041,2025-06-02,Pending
PG-OIL,,GRAIN,Barley Grain,SUPP_PACK_02,MAT-7729,3617.0,1.11,4014.87,2025-06,KG,PO-2025-0041,2025-06-02,Pending
PG-OIL,,BYPROD,Wheat Bran,SUPP_PACK_02,MAT-6214,1818.0,0.63,1145.34,2025-06,KG,PO-2025-0041,2025-06-02,Pending
PG-OIL,,MEAL,Soybean Meal,SUPP_PACK_02,MAT-6002,3065.0,2.18,6681.7,2025-06,KG,PO-2025-0041,2025-06-02,Pending
PG-MEAL,,MEAL,Soybean Meal,SUPP_PACK_01,MAT-6002,3371.0,2.49,8393.79,2025-05,KG,PO-2025-0042,2025-05-25,Pending
PG-MEAL,,OILSEED,Canola Seeds,SUPP_PACK_01,MAT-4862,4311.0,1.97,8492.67,2025-05,KG,PO-2025-0042,2025-05-25,Pending
PG-MEAL,,MEAL,Soybean Meal,SUPP_PACK_01,MAT-6002,3809.0,2.04,7770.36,2025-05,KG,PO-2025-0042,2025-05-25,Pending
PG-GRAIN,,GRAIN,Corn,SUPP_PACK_02,MAT-5204,4465.0,1.45,6474.25,2025-01,KG,PO-2025-0043,2025-01-27,Pending
PG-GRAIN,,GRAIN,Corn,SUPP_PACK_02,MAT-5204,3543.0,1.23,4357.89,2025-01,KG,PO-2025-0043,2025-01-27,Pending
PG-GRAIN,,GRAIN,Corn,SUPP_PACK_02,MAT-5204,1698.0,1.27,2156.46,2025-01,KG,PO-2025-0043,2025-01-27,Pending
PG-GRAIN,,GRAIN,Corn,SUPP_PACK_02,MAT-5204,3937.0,1.3,5118.1,2025-01,KG,PO-2025-0043,2025-01-27,Pending
PG-GRAIN,,GRAIN,Corn,SUPP_PACK_02,MAT-5204,3378.0,1.48,4999.44,2025-01,KG,PO-2025-0043,2025-01-27,Pending
PG-MEAL,,MEAL,Soybean Meal,SUPP_PACK_03,MAT-6002,3964.0,2.32,9196.48,2025-06,KG,PO-2025-0044,2025-06-06,Released
PG-MEAL,,BYPROD,Wheat Bran,SUPP_PACK_03,MAT-6214,3512.0,0.85,2985.2,2025-06,KG,PO-2025-0044,2025-06-06,Released
PG-MEAL,,ADD,Rumen Protected Fat,SUPP_PACK_03,MAT-4077,2874.0,4.4,12645.6,2025-06,KG,PO-2025-0044,2025-06-06,Released
PG-MEAL,,MEAL,Soybean Meal,SUPP_PACK_03,MAT-6002,2227.0,2.42,5389.34,2025-06,KG,PO-2025-0044,2025-06-06,Released
PG-MEAL,,OILSEED,Canola Seeds,SUPP_PACK_03,MAT-4862,1364.0,1.8,2455.2,2025-06,KG,PO-2025-0044,2025-06-06,Released
PG-ADDITIVES,,ADD,Rumen Protected Fat,SUPP_PACK_02,MAT-4077,2402.0,3.89,9343.78,2025-12,KG,PO-2025-0045,2025-12-14,Released
PG-ADDITIVES,,FORAGE,Alfalfa,SUPP_PACK_02,MAT-5627,4137.0,0.94,3888.78,2025-12,KG,PO-2025-0045,2025-12-14,Released
PG-ADDITIVES,,GRAIN,Corn,SUPP_PACK_02,MAT-5204,962.0,1.33,1279.46,2025-12,KG,PO-2025-0045,2025-12-14,Released
PG-BYPROD,,BYPROD,Wheat Bran,SUPP_PACK_01,MAT-6214,517.0,0.6,310.2,2025-11,KG,PO-2025-0046,2025-11-13,Pending
PG-BYPROD,,FORAGE,Alfalfa,SUPP_PACK_01,MAT-5627,2041.0,0.88,1796.08,2025-11,KG,PO-2025-0046,2025-11-13,Pending
PG-OIL,,OILSEED,Canola Seeds,SUPP_PACK_03,MAT-4862,3220.0,1.92,6182.4,2025-05,KG,PO-2025-0047,2025-05-13,Released
PG-OIL,,FORAGE,Alfalfa,SUPP_PACK_03,MAT-5627,2315.0,1.07,2477.05,2025-05,KG,PO-2025-0047,2025-05-13,Released
PG-OIL,,BYPROD,Wheat Bran,SUPP_PACK_03,MAT-6214,4959.0,0.83,4115.97,2025-05,KG,PO-2025-0047,2025-05-13,Released
PG-FORAGE,,FORAGE,Alfalfa,SUPP_PACK_03,MAT-5627,612.0,0.93,569.16,2025-07,KG,PO-2025-0048,2025-07-06,Approved
PG-FORAGE,,GRAIN,Barley Grain,SUPP_PACK_03,MAT-7729,4726.0,1.37,6474.62,2025-07,KG,PO-2025-0048,2025-07-06,Approved
PG-FORAGE,,GRAIN,Corn,SUPP_PACK_03,MAT-5204,3847.0,1.36,5231.92,2025-07,KG,PO-2025-0048,2025-07-06,Approved
PG-FORAGE,,OILSEED,Canola Seeds,SUPP_PACK_03,MAT-4862,4653.0,1.8,8375.4,2025-07,KG,PO-2025-0048,2025-07-06,Approved
PG-FORAGE,,ADD,Rumen Protected Fat,SUPP_PACK_03,MAT-4077,3728.0,4.09,15247.52,2025-07,KG,PO-2025-0048,2025-07-06,Approved
PG-MEAL,,MEAL,Soybean Meal,SUPP_PACK_08,MAT-6002,4265.0,2.29,9766.85,2025-03,KG,PO-2025-0049,2025-03-21,Pending
PG-MEAL,,MEAL,Soybean Meal,SUPP_PACK_08,MAT-6002,3580.0,2.38,8520.4,2025-03,KG,PO-2025-0049,2025-03-21,Pending
PG-MEAL,,MEAL,Soybean Meal,SUPP_PACK_08,MAT-6002,4479.0,2.36,10570.44,2025-03,KG,PO-2025-0049,2025-03-21,Pending
PG-MEAL,,MEAL,Soybean Meal,SUPP_PACK_08,MAT-6002,2641.0,2.2,5810.2,2025-03,KG,PO-2025-0049,2025-03-21,Pending
PG-MEAL,,MEAL,Soybean Meal,SUPP_PACK_08,MAT-6002,3489.0,2.03,7082.67,2025-03,KG,PO-2025-0049,2025-03-21,Pending
PG-GRAIN,,GRAIN,Corn,SUPP_PACK_02,MAT-5204,2765.0,1.38,3815.7,2025-02,KG,PO-2025-0050,2025-02-22,Pending
PG-GRAIN,,GRAIN,Corn,SUPP_PACK_02,MAT-5204,1770.0,1.21,2141.7,2025-02,KG,PO-2025-0050,2025-02-22,Pending
PG-GRAIN,,GRAIN,Corn,SUPP_PACK_02,MAT-5204,3025.0,1.31,3962.75,2025-02,KG,PO-2025-0050,2025-02-22,Pending
PG-GRAIN,,GRAIN,Corn,SUPP_PACK_02,MAT-5204,3653.0,1.27,4639.31,2025-02,KG,PO-2025-0050,2025-02-22,Pending
PG-GRAIN,,GRAIN,Corn,SUPP_PACK_02,MAT-5204,1723.0,1.24,2136.52,2025-02,KG,PO-2025-0050,2025-02-22,Pending
PG-OIL,,OILSEED,Canola Seeds,SUPP_PACK_03,MAT-4862,3334.0,2.04,6801.36,2025-12,KG,PO-2025-0051,2025-12-17,Released
PG-OIL,,MEAL,Soybean Meal,SUPP_PACK_03,MAT-6002,951.0,2.24,2130.24,2025-12,KG,PO-2025-0051,2025-12-17,Released
PG-OIL,,MEAL,Soybean Meal,SUPP_PACK_03,MAT-6002,2223.0,2.11,4690.53,2025-12,KG,PO-2025-0051,2025-12-17,Released
PG-OIL,,GRAIN,Corn,SUPP_PACK_03,MAT-5204,4604.0,1.45,6675.8,2025-12,KG,PO-2025-0051,2025-12-17,Released
PG-BYPROD,,BYPROD,Wheat Bran,SUPP_PACK_03,MAT-6214,2388.0,0.75,1791.0,2025-10,KG,PO-2025-0052,2025-10-17,Pending
PG-BYPROD,,ADD,Rumen Protected Fat,SUPP_PACK_03,MAT-4077,1011.0,3.11,3144.21,2025-10,KG,PO-2025-0052,2025-10-17,Pending
PG-OIL,,OILSEED,Canola Seeds,SUPP_PACK_07,MAT-4862,1917.0,1.95,3738.15,2025-08,KG,PO-2025-0053,2025-08-10,Approved
PG-OIL,,ADD,Molasses,SUPP_PACK_07,MAT-3159,4452.0,0.89,3962.28,2025-08,L,PO-2025-0053,2025-08-10,Approved
PG-OIL,,GRAIN,Corn,SUPP_PACK_07,MAT-5204,2169.0,1.21,2624.49,2025-08,KG,PO-2025-0053,2025-08-10,Approved
PG-BYPROD,,BYPROD,Wheat Bran,SUPP_PACK_03,MAT-6214,4206.0,0.83,3490.98,2025-07,KG,PO-2025-0054,2025-07-26,Released
PG-BYPROD,,GRAIN,Corn,SUPP_PACK_03,MAT-5204,1642.0,1.37,2249.54,2025-07,KG,PO-2025-0054,2025-07-26,Released
PG-BYPROD,,ADD,Molasses,SUPP_PACK_03,MAT-3159,2687.0,0.95,2552.65,2025-07,L,PO-2025-0054,2025-07-26,Released
PG-ADDITIVES,,ADD,Molasses,SUPP_PACK_05,MAT-3159,4481.0,0.95,4256.95,2025-08,L,PO-2025-0055,2025-08-09,Released
PG-ADDITIVES,,ADD,Molasses,SUPP_PACK_05,MAT-3159,1548.0,0.76,1176.48,2025-08,L,PO-2025-0055,2025-08-09,Released
PG-MEAL,,MEAL,Soybean Meal,SUPP_PACK_01,MAT-6002,791.0,2.19,1732.29,2025-07,KG,PO-2025-0056,2025-07-28,Released
PG-MEAL,,BYPROD,Wheat Bran,SUPP_PACK_01,MAT-6214,1552.0,0.87,1350.24,2025-07,KG,PO-2025-0056,2025-07-28,Released
PG-MEAL,,GRAIN,Barley Grain,SUPP_PACK_01,MAT-7729,4021.0,1.22,4905.62,2025-07,KG,PO-2025-0056,2025-07-28,Released
PG-MEAL,,OILSEED,Canola Seeds,SUPP_PACK_01,MAT-4862,3983.0,2.22,8842.26,2025-07,KG,PO-2025-0056,2025-07-28,Released
PG-MEAL,,ADD,Rumen Protected Fat,SUPP_PACK_01,MAT-4077,2454.0,3.55,8711.7,2025-07,KG,PO-2025-0056,2025-07-28,Released
PG-FORAGE,,FORAGE,Alfalfa,SUPP_PACK_06,MAT-5627,1364.0,1.15,1568.6,2025-07,KG,PO-2025-0057,2025-07-14,Approved
PG-FORAGE,,OILSEED,Canola Seeds,SUPP_PACK_06,MAT-4862,1476.0,1.91,2819.16,2025-07,KG,PO-2025-0057,2025-07-14,Approved
PG-FORAGE,,MEAL,Soybean Meal,SUPP_PACK_06,MAT-6002,3888.0,2.38,9253.44,2025-07,KG,PO-2025-0057,2025-07-14,Approved
PG-ADDITIVES,,ADD,Molasses,SUPP_PACK_02,MAT-3159,4011.0,0.95,3810.45,2025-06,L,PO-2025-0058,2025-06-28,Released
PG-ADDITIVES,,MEAL,Soybean Meal,SUPP_PACK_02,MAT-6002,4187.0,2.17,9085.79,2025-06,KG,PO-2025-0058,2025-06-28,Released
PG-ADDITIVES,,BYPROD,Wheat Bran,SUPP_PACK_02,MAT-6214,885.0,0.62,548.7,2025-06,KG,PO-2025-0058,2025-06-28,Released
PG-ADDITIVES,,ADD,Rumen Protected Fat,SUPP_PACK_07,MAT-4077,3575.0,3.2,11440.0,2025-05,KG,PO-2025-0059,2025-05-08,Pending
PG-ADDITIVES,,GRAIN,Barley Grain,SUPP_PACK_07,MAT-7729,3650.0,1.36,4964.0,2025-05,KG,PO-2025-0059,2025-05-08,Pending
PG-GRAIN,,GRAIN,Corn,SUPP_PACK_02,MAT-5204,3588.0,1.47,5274.36,2025-08,KG,PO-2025-0060,2025-08-06,Pending
PG-GRAIN,,MEAL,Soybean Meal,SUPP_PACK_02,MAT-6002,4704.0,2.38,11195.52,2025-08,KG,PO-2025-0060,2025-08-06,Pending
PG-GRAIN,,FORAGE,Alfalfa,SUPP_PACK_02,MAT-5627,4938.0,0.83,4098.54,2025-08,KG,PO-2025-0060,2025-08-06,Pending
PG-GRAIN,,FORAGE,Alfalfa,SUPP_PACK_02,MAT-5627,4142.0,1.04,4307.68,2025-08,KG,PO-2025-0060,2025-08-06,Pending
PG-OIL,,OILSEED,Canola Seeds,SUPP_PACK_01,MAT-4862,525.0,2.24,1176.0,2025-11,KG,PO-2025-0061,2025-11-12,Approved
PG-OIL,,BYPROD,Wheat Bran,SUPP_PACK_01,MAT-6214,4732.0,0.67,3170.44,2025-11,KG,PO-2025-0061,2025-11-12,Approved
PG-OIL,,BYPROD,Wheat Bran,SUPP_PACK_01,MAT-6214,4100.0,0.85,3485.0,2025-11,KG,PO-2025-0061,2025-11-12,Approved
PG-OIL,,ADD,Molasses,SUPP_PACK_01,MAT-3159,2131.0,0.73,1555.63,2025-11,L,PO-2025-0061,2025-11-12,Approved
PG-MEAL,,MEAL,Soybean Meal,SUPP_PACK_03,MAT-6002,3173.0,2.28,7234.44,2025-05,KG,PO-2025-0062,2025-05-26,Released
PG-MEAL,,GRAIN,Corn,SUPP_PACK_03,MAT-5204,4168.0,1.26,5251.68,2025-05,KG,PO-2025-0062,2025-05-26,Released
PG-MEAL,,ADD,Molasses,SUPP_PACK_03,MAT-3159,723.0,0.94,679.62,2025-05,L,PO-2025-0062,2025-05-26,Released
PG-MEAL,,GRAIN,Corn,SUPP_PACK_03,MAT-5204,3642.0,1.32,4807.44,2025-05,KG,PO-2025-0062,2025-05-26,Released
PG-MEAL,,OILSEED,Canola Seeds,SUPP_PACK_03,MAT-4862,3564.0,1.86,6629.04,2025-05,KG,PO-2025-0062,2025-05-26,Released
PG-GRAIN,,GRAIN,Corn,SUPP_PACK_05,MAT-5204,3008.0,1.23,3699.84,2025-02,KG,PO-2025-0063,2025-02-11,Approved
PG-GRAIN,,GRAIN,Corn,SUPP_PACK_05,MAT-5204,2489.0,1.3,3235.7,2025-02,KG,PO-2025-0063,2025-02-11,Approved
PG-GRAIN,,GRAIN,Corn,SUPP_PACK_05,MAT-5204,4083.0,1.38,5634.54,2025-02,KG,PO-2025-0063,2025-02-11,Approved
PG-GRAIN,,GRAIN,Corn,SUPP_PACK_05,MAT-5204,2805.0,1.38,3870.9,2025-02,KG,PO-2025-0063,2025-02-11,Approved
PG-GRAIN,,GRAIN,Corn,SUPP_PACK_05,MAT-5204,3567.0,1.48,5279.16,2025-02,KG,PO-2025-0063,2025-02-11,Approved
PG-BYPROD,,BYPROD,Wheat Bran,SUPP_PACK_03,MAT-6214,3747.0,0.72,2697.84,2025-08,KG,PO-2025-0064,2025-08-16,Approved
PG-BYPROD,,BYPROD,Wheat Bran,SUPP_PACK_03,MAT-6214,2830.0,0.64,1811.2,2025-08,KG,PO-2025-0064,2025-08-16,Approved
PG-BYPROD,,BYPROD,Wheat Bran,SUPP_PACK_03,MAT-6214,4882.0,0.64,3124.48,2025-08,KG,PO-2025-0064,2025-08-16,Approved
PG-GRAIN,,GRAIN,Barley Grain,SUPP_PACK_03,MAT-7729,4047.0,1.12,4532.64,2025-11,KG,PO-2025-0065,2025-11-30,Approved
PG-GRAIN,,BYPROD,Wheat Bran,SUPP_PACK_03,MAT-6214,802.0,0.74,593.48,2025-11,KG,PO-2025-0065,2025-11-30,Approved
PG-GRAIN,,OILSEED,Canola Seeds,SUPP_PACK_03,MAT-4862,707.0,2.21,1562.47,2025-11,KG,PO-2025-0065,2025-11-30,Approved
PG-GRAIN,,ADD,Rumen Protected Fat,SUPP_PACK_03,MAT-4077,3555.0,3.8,13509.0,2025-11,KG,PO-2025-0065,2025-11-30,Approved
PG-GRAIN,,ADD,Molasses,SUPP_PACK_03,MAT-3159,1338.0,0.85,1137.3,2025-11,L,PO-2025-0065,2025-11-30,Approved
PG-ADDITIVES,,ADD,Molasses,SUPP_PACK_03,MAT-3159,1922.0,0.88,1691.36,2025-08,L,PO-2025-0066,2025-08-12,Released
PG-ADDITIVES,,BYPROD,Wheat Bran,SUPP_PACK_03,MAT-6214,935.0,0.6,561.0,2025-08,KG,PO-2025-0066,2025-08-12,Released
PG-ADDITIVES,,MEAL,Soybean Meal,SUPP_PACK_03,MAT-6002,796.0,2.43,1934.28,2025-08,KG,PO-2025-0066,2025-08-12,Released
PG-MEAL,,MEAL,Soybean Meal,SUPP_PACK_02,MAT-6002,4264.0,2.05,8741.2,2025-05,KG,PO-2025-0067,2025-05-01,Approved
PG-MEAL,,MEAL,Soybean Meal,SUPP_PACK_02,MAT-6002,2871.0,2.01,5770.71,2025-05,KG,PO-2025-0067,2025-05-01,Approved
PG-MEAL,,ADD,Rumen Protected Fat,SUPP_PACK_02,MAT-4077,3857.0,3.63,14000.91,2025-05,KG,PO-2025-0067,2025-05-01,Approved
PG-MEAL,,GRAIN,Barley Grain,SUPP_PACK_02,MAT-7729,4210.0,1.06,4462.6,2025-05,KG,PO-2025-0067,2025-05-01,Approved
PG-MEAL,,ADD,Molasses,SUPP_PACK_02,MAT-3159,3422.0,1.0,3422.0,2025-05,L,PO-2025-0067,2025-05-01,Approved
PG-BYPROD,,BYPROD,Wheat Bran,SUPP_PACK_01,MAT-6214,4417.0,0.83,3666.11,2025-05,KG,PO-2025-0068,2025-05-17,Pending
PG-BYPROD,,GRAIN,Barley Grain,SUPP_PACK_01,MAT-7729,1089.0,1.33,1448.37,2025-05,KG,PO-2025-0068,2025-05-17,Pending
PG-BYPROD,,FORAGE,Alfalfa,SUPP_PACK_01,MAT-5627,2248.0,0.87,1955.76,2025-05,KG,PO-2025-0068,2025-05-17,Pending
PG-BYPROD,,GRAIN,Corn,SUPP_PACK_01,MAT-5204,832.0,1.3,1081.6,2025-05,KG,PO-2025-0068,2025-05-17,Pending
PG-BYPROD,,ADD,Rumen Protected Fat,SUPP_PACK_01,MAT-4077,3153.0,3.05,9616.65,2025-05,KG,PO-2025-0068,2025-05-17,Pending
PG-OIL,,OILSEED,Canola Seeds,SUPP_PACK_01,MAT-4862,1600.0,2.08,3328.0,2025-07,KG,PO-2025-0069,2025-07-04,Released
PG-OIL,,ADD,Molasses,SUPP_PACK_01,MAT-3159,1951.0,0.68,1326.68,2025-07,L,PO-2025-0069,2025-07-04,Released
PG-OIL,,ADD,Molasses,SUPP_PACK_01,MAT-3159,2653.0,0.99,2626.47,2025-07,L,PO-2025-0069,2025-07-04,Released
PG-MEAL,,MEAL,Soybean Meal,SUPP_PACK_08,MAT-6002,1353.0,2.06,2787.18,2025-10,KG,PO-2025-0070,2025-10-12,Pending
PG-MEAL,,GRAIN,Barley Grain,SUPP_PACK_08,MAT-7729,3187.0,1.16,3696.92,2025-10,KG,PO-2025-0070,2025-10-12,Pending
PG-ADDITIVES,,ADD,Molasses,SUPP_PACK_03,MAT-3159,2762.0,0.77,2126.74,2025-09,L,PO-2025-0071,2025-09-24,Released
PG-ADDITIVES,,ADD,Molasses,SUPP_PACK_03,MAT-3159,1138.0,0.89,1012.82,2025-09,L,PO-2025-0071,2025-09-24,Released
PG-ADDITIVES,,GRAIN,Corn,SUPP_PACK_03,MAT-5204,4758.0,1.46,6946.68,2025-09,KG,PO-2025-0071,2025-09-24,Released
PG-ADDITIVES,,OILSEED,Canola Seeds,SUPP_PACK_03,MAT-4862,640.0,2.05,1312.0,2025-09,KG,PO-2025-0071,2025-09-24,Released
PG-MEAL,,MEAL,Soybean Meal,SUPP_PACK_02,MAT-6002,3124.0,2.15,6716.6,2025-11,KG,PO-2025-0072,2025-11-22,Released
PG-MEAL,,OILSEED,Canola Seeds,SUPP_PACK_02,MAT-4862,2093.0,2.08,4353.44,2025-11,KG,PO-2025-0072,2025-11-22,Released
PG-MEAL,,MEAL,Soybean Meal,SUPP_PACK_02,MAT-6002,3316.0,2.16,7162.56,2025-11,KG,PO-2025-0072,2025-11-22,Released
PG-MEAL,,GRAIN,Barley Grain,SUPP_PACK_02,MAT-7729,3726.0,1.25,4657.5,2025-11,KG,PO-2025-0072,2025-11-22,Released
PG-MEAL,,ADD,Rumen Protected Fat,SUPP_PACK_02,MAT-4077,1908.0,4.27,8147.16,2025-11,KG,PO-2025-0072,2025-11-22,Released
PG-GRAIN,,GRAIN,Corn,SUPP_PACK_09,MAT-5204,3207.0,1.47,4714.29,2025-01,KG,PO-2025-0073,2025-01-03,Released
PG-GRAIN,,GRAIN,Corn,SUPP_PACK_09,MAT-5204,4181.0,1.5,6271.5,2025-01,KG,PO-2025-0073,2025-01-03,Released
PG-GRAIN,,GRAIN,Corn,SUPP_PACK_09,MAT-5204,3840.0,1.5,5760.0,2025-01,KG,PO-2025-0073,2025-01-03,Released
PG-GRAIN,,GRAIN,Corn,SUPP_PACK_09,MAT-5204,2511.0,1.48,3716.28,2025-01,KG,PO-2025-0073,2025-01-03,Released
PG-FORAGE,,FORAGE,Alfalfa,SUPP_PACK_03,MAT-5627,876.0,0.83,727.08,2025-12,KG,PO-2025-0074,2025-12-06,Approved
PG-FORAGE,,GRAIN,Barley Grain,SUPP_PACK_03,MAT-7729,2687.0,1.11,2982.57,2025-12,KG,PO-2025-0074,2025-12-06,Approved
PG-FORAGE,,GRAIN,Barley Grain,SUPP_PACK_03,MAT-7729,4282.0,1.04,4453.28,2025-12,KG,PO-2025-0074,2025-12-06,Approved
PG-FORAGE,,OILSEED,Canola Seeds,SUPP_PACK_03,MAT-4862,3440.0,1.87,6432.8,2025-12,KG,PO-2025-0074,2025-12-06,Approved
PG-FORAGE,,OILSEED,Canola Seeds,SUPP_PACK_03,MAT-4862,2429.0,2.06,5003.74,2025-12,KG,PO-2025-0074,2025-12-06,Approved
PG-OIL,,OILSEED,Canola Seeds,SUPP_PACK_03,MAT-4862,2885.0,2.02,5827.7,2025-08,KG,PO-2025-0075,2025-08-17,Pending
PG-OIL,,FORAGE,Alfalfa,SUPP_PACK_03,MAT-5627,1184.0,1.05,1243.2,2025-08,KG,PO-2025-0075,2025-08-17,Pending
PG-GRAIN,,GRAIN,Barley Grain,SUPP_PACK_01,MAT-7729,1028.0,1.25,1285.0,2025-10,KG,PO-2025-0076,2025-10-22,Approved
PG-GRAIN,,MEAL,Soybean Meal,SUPP_PACK_01,MAT-6002,3098.0,2.32,7187.36,2025-10,KG,PO-2025-0076,2025-10-22,Approved
PG-OIL,,OILSEED,Canola Seeds,SUPP_PACK_02,MAT-4862,2578.0,2.02,5207.56,2025-05,KG,PO-2025-0077,2025-05-09,Released
PG-OIL,,MEAL,Soybean Meal,SUPP_PACK_02,MAT-6002,4206.0,2.21,9295.26,2025-05,KG,PO-2025-0077,2025-05-09,Released
PG-OIL,,BYPROD,Wheat Bran,SUPP_PACK_02,MAT-6214,3347.0,0.65,2175.55,2025-05,KG,PO-2025-0077,2025-05-09,Released
PG-OIL,,MEAL,Soybean Meal,SUPP_PACK_02,MAT-6002,2659.0,2.0,5318.0,2025-05,KG,PO-2025-0077,2025-05-09,Released
PG-GRAIN,,GRAIN,Corn,SUPP_PACK_05,MAT-5204,4973.0,1.41,7011.93,2025-01,KG,PO-2025-0078,2025-01-10,Pending
PG-GRAIN,,GRAIN,Corn,SUPP_PACK_05,MAT-5204,3613.0,1.5,5419.5,2025-01,KG,PO-2025-0078,2025-01-10,Pending
PG-GRAIN,,GRAIN,Corn,SUPP_PACK_05,MAT-5204,1234.0,1.22,1505.48,2025-01,KG,PO-2025-0078,2025-01-10,Pending
PG-GRAIN,,GRAIN,Corn,SUPP_PACK_05,MAT-5204,2643.0,1.57,4149.51,2025-01,KG,PO-2025-0078,2025-01-10,Pending
PG-GRAIN,,GRAIN,Corn,SUPP_PACK_05,MAT-5204,1488.0,1.29,1919.52,2025-01,KG,PO-2025-0078,2025-01-10,Pending
PG-ADDITIVES,,ADD,Rumen Protected Fat,SUPP_PACK_03,MAT-4077,2264.0,3.98,9010.72,2025-07,KG,PO-2025-0079,2025-07-20,Pending
PG-ADDITIVES,,OILSEED,Canola Seeds,SUPP_PACK_03,MAT-4862,4695.0,2.24,10516.8,2025-07,KG,PO-2025-0079,2025-07-20,Pending
PG-ADDITIVES,,ADD,Rumen Protected Fat,SUPP_PACK_03,MAT-4077,4705.0,3.25,15291.25,2025-07,KG,PO-2025-0079,2025-07-20,Pending
PG-ADDITIVES,,GRAIN,Barley Grain,SUPP_PACK_03,MAT-7729,2319.0,1.24,2875.56,2025-07,KG,PO-2025-0079,2025-07-20,Pending
PG-ADDITIVES,,ADD,Rumen Protected Fat,SUPP_PACK_02,MAT-4077,3206.0,4.08,13080.48,2025-10,KG,PO-2025-0080,2025-10-06,Pending
PG-ADDITIVES,,BYPROD,Wheat Bran,SUPP_PACK_02,MAT-6214,3788.0,0.52,1969.76,2025-10,KG,PO-2025-0080,2025-10-06,Pending
PG-GRAIN,,GRAIN,Barley Grain,SUPP_PACK_01,MAT-7729,3846.0,1.27,4884.42,2025-10,KG,PO-2025-0081,2025-10-06,Pending
PG-GRAIN,,BYPROD,Wheat Bran,SUPP_PACK_01,MAT-6214,627.0,0.85,532.95,2025-10,KG,PO-2025-0081,2025-10-06,Pending
PG-ADDITIVES,,ADD,Rumen Protected Fat,SUPP_PACK_06,MAT-4077,4474.0,3.01,13466.74,2025-05,KG,PO-2025-0082,2025-05-22,Released
PG-ADDITIVES,,FORAGE,Alfalfa,SUPP_PACK_06,MAT-5627,2302.0,1.03,2371.06,2025-05,KG,PO-2025-0082,2025-05-22,Released
PG-ADDITIVES,,MEAL,Soybean Meal,SUPP_PACK_06,MAT-6002,1021.0,2.5,2552.5,2025-05,KG,PO-2025-0082,2025-05-22,Released
PG-ADDITIVES,,MEAL,Soybean Meal,SUPP_PACK_06,MAT-6002,1559.0,2.2,3429.8,2025-05,KG,PO-2025-0082,2025-05-22,Released
PG-ADDITIVES,,MEAL,Soybean Meal,SUPP_PACK_06,MAT-6002,1693.0,2.19,3707.67,2025-05,KG,PO-2025-0082,2025-05-22,Released
PG-MEAL,,MEAL,Soybean Meal,SUPP_PACK_08,MAT-6002,3448.0,2.16,7447.68,2025-09,KG,PO-2025-0083,2025-09-09,Released
PG-MEAL,,GRAIN,Barley Grain,SUPP_PACK_08,MAT-7729,990.0,1.25,1237.5,2025-09,KG,PO-2025-0083,2025-09-09,Released
PG-GRAIN,,GRAIN,Corn,SUPP_PACK_04,MAT-5204,1941.0,1.24,2406.84,2025-02,KG,PO-2025-0084,2025-02-06,Pending
PG-GRAIN,,GRAIN,Corn,SUPP_PACK_04,MAT-5204,1424.0,1.23,1751.52,2025-02,KG,PO-2025-0084,2025-02-06,Pending
PG-FORAGE,,FORAGE,Alfalfa,SUPP_PACK_03,MAT-5627,2892.0,0.93,2689.56,2025-07,KG,PO-2025-0085,2025-07-04,Pending
PG-FORAGE,,OILSEED,Canola Seeds,SUPP_PACK_03,MAT-4862,2549.0,2.01,5123.49,2025-07,KG,PO-2025-0085,2025-07-04,Pending
PG-MEAL,,MEAL,Soybean Meal,SUPP_PACK_01,MAT-6002,3540.0,2.01,7115.4,2025-03,KG,PO-2025-0086,2025-03-02,Approved
PG-MEAL,,MEAL,Soybean Meal,SUPP_PACK_01,MAT-6002,3374.0,2.21,7456.54,2025-03,KG,PO-2025-0086,2025-03-02,Approved
PG-MEAL,,MEAL,Soybean Meal,SUPP_PACK_01,MAT-6002,3032.0,2.32,7034.24,2025-03,KG,PO-2025-0086,2025-03-02,Approved
PG-MEAL,,MEAL,Soybean Meal,SUPP_PACK_01,MAT-6002,1676.0,2.12,3553.12,2025-03,KG,PO-2025-0086,2025-03-02,Approved
PG-OIL,,OILSEED,Canola Seeds,SUPP_PACK_07,MAT-4862,2679.0,2.23,5974.17,2025-09,KG,PO-2025-0087,2025-09-29,Pending
PG-OIL,,FORAGE,Alfalfa,SUPP_PACK_07,MAT-5627,1158.0,1.0,1158.0,2025-09,KG,PO-2025-0087,2025-09-29,Pending
PG-OIL,,MEAL,Soybean Meal,SUPP_PACK_07,MAT-6002,1294.0,2.19,2833.86,2025-09,KG,PO-2025-0087,2025-09-29,Pending
PG-OIL,,GRAIN,Corn,SUPP_PACK_07,MAT-5204,3107.0,1.48,4598.36,2025-09,KG,PO-2025-0087,2025-09-29,Pending
PG-MEAL,,MEAL,Soybean Meal,SUPP_PACK_03,MAT-6002,1350.0,2.37,3199.5,2025-03,KG,PO-2025-0088,2025-03-01,Approved
PG-MEAL,,MEAL,Soybean Meal,SUPP_PACK_03,MAT-6002,1567.0,2.04,3196.68,2025-03,KG,PO-2025-0088,2025-03-01,Approved
PG-MEAL,,MEAL,Soybean Meal,SUPP_PACK_03,MAT-6002,3414.0,2.09,7135.26,2025-03,KG,PO-2025-0088,2025-03-01,Approved
PG-MEAL,,MEAL,Soybean Meal,SUPP_PACK_03,MAT-6002,4009.0,2.23,8940.07,2025-03,KG,PO-2025-0088,2025-03-01,Approved
PG-OIL,,OILSEED,Canola Seeds,SUPP_PACK_05,MAT-4862,1913.0,2.09,3998.17,2025-07,KG,PO-2025-0089,2025-07-26,Approved
PG-OIL,,OILSEED,Canola Seeds,SUPP_PACK_05,MAT-4862,3698.0,1.87,6915.26,2025-07,KG,PO-2025-0089,2025-07-26,Approved
PG-OIL,,MEAL,Soybean Meal,SUPP_PACK_05,MAT-6002,875.0,2.42,2117.5,2025-07,KG,PO-2025-0089,2025-07-26,Approved
PG-OIL,,BYPROD,Wheat Bran,SUPP_PACK_05,MAT-6214,537.0,0.59,316.83,2025-07,KG,PO-2025-0089,2025-07-26,Approved
PG-OIL,,BYPROD,Wheat Bran,SUPP_PACK_05,MAT-6214,2735.0,0.5,1367.5,2025-07,KG,PO-2025-0089,2025-07-26,Approved
PG-MEAL,,MEAL,Soybean Meal,SUPP_PACK_03,MAT-6002,2215.0,2.36,5227.4,2025-07,KG,PO-2025-0090,2025-07-10,Approved
PG-MEAL,,BYPROD,Wheat Bran,SUPP_PACK_03,MAT-6214,4119.0,0.73,3006.87,2025-07,KG,PO-2025-0090,2025-07-10,Approved
PG-MEAL,,BYPROD,Wheat Bran,SUPP_PACK_03,MAT-6214,685.0,0.55,376.75,2025-07,KG,PO-2025-0090,2025-07-10,Approved
PG-MEAL,,OILSEED,Canola Seeds,SUPP_PACK_03,MAT-4862,1018.0,1.94,1974.92,2025-07,KG,PO-2025-0090,2025-07-10,Approved
PG-MEAL,,MEAL,Soybean Meal,SUPP_PACK_02,MAT-6002,624.0,2.08,1297.92,2025-03,KG,PO-2025-0091,2025-03-05,Released
PG-MEAL,,MEAL,Soybean Meal,SUPP_PACK_02,MAT-6002,2352.0,2.16,5080.32,2025-03,KG,PO-2025-0091,2025-03-05,Released
PG-MEAL,,MEAL,Soybean Meal,SUPP_PACK_02,MAT-6002,2071.0,2.19,4535.49,2025-03,KG,PO-2025-0091,2025-03-05,Released
PG-MEAL,,MEAL,Soybean Meal,SUPP_PACK_02,MAT-6002,4202.0,2.14,8992.28,2025-03,KG,PO-2025-0091,2025-03-05,Released
PG-GRAIN,,GRAIN,Corn,SUPP_PACK_01,MAT-5204,1567.0,1.35,2115.45,2025-02,KG,PO-2025-0092,2025-02-20,Released
PG-GRAIN,,GRAIN,Corn,SUPP_PACK_01,MAT-5204,4648.0,1.59,7390.32,2025-02,KG,PO-2025-0092,2025-02-20,Released
PG-GRAIN,,GRAIN,Corn,SUPP_PACK_01,MAT-5204,4435.0,1.44,6386.4,2025-02,KG,PO-2025-0092,2025-02-20,Released
PG-GRAIN,,GRAIN,Corn,SUPP_PACK_01,MAT-5204,1345.0,1.23,1654.35,2025-02,KG,PO-2025-0092,2025-02-20,Released
PG-GRAIN,,GRAIN,Corn,SUPP_PACK_01,MAT-5204,4014.0,1.54,6181.56,2025-02,KG,PO-2025-0092,2025-02-20,Released
PG-ADDITIVES,,ADD,Molasses,SUPP_PACK_01,MAT-3159,3989.0,0.94,3749.66,2025-08,L,PO-2025-0093,2025-08-12,Released
PG-ADDITIVES,,FORAGE,Alfalfa,SUPP_PACK_01,MAT-5627,2309.0,0.89,2055.01,2025-08,KG,PO-2025-0093,2025-08-12,Released
PG-ADDITIVES,,OILSEED,Canola Seeds,SUPP_PACK_01,MAT-4862,3024.0,2.26,6834.24,2025-08,KG,PO-2025-0093,2025-08-12,Released
PG-MEAL,,MEAL,Soybean Meal,SUPP_PACK_03,MAT-6002,2792.0,2.32,6477.44,2025-03,KG,PO-2025-0094,2025-03-31,Pending
PG-MEAL,,MEAL,Soybean Meal,SUPP_PACK_03,MAT-6002,2207.0,2.07,4568.49,2025-03,KG,PO-2025-0094,2025-03-31,Pending
PG-MEAL,,MEAL,Soybean Meal,SUPP_PACK_03,MAT-6002,2251.0,2.08,4682.08,2025-03,KG,PO-2025-0094,2025-03-31,Pending
PG-MEAL,,MEAL,Soybean Meal,SUPP_PACK_03,MAT-6002,3044.0,2.06,6270.64,2025-03,KG,PO-2025-0094,2025-03-31,Pending
PG-ADDITIVES,,ADD,Rumen Protected Fat,SUPP_PACK_01,MAT-4077,2030.0,3.88,7876.4,2025-11,KG,PO-2025-0095,2025-11-10,Approved
PG-ADDITIVES,,GRAIN,Corn,SUPP_PACK_01,MAT-5204,3761.0,1.35,5077.35,2025-11,KG,PO-2025-0095,2025-11-10,Approved
PG-ADDITIVES,,ADD,Rumen Protected Fat,SUPP_PACK_01,MAT-4077,1278.0,4.06,5188.68,2025-11,KG,PO-2025-0095,2025-11-10,Approved
PG-ADDITIVES,,GRAIN,Barley Grain,SUPP_PACK_01,MAT-7729,3061.0,1.1,3367.1,2025-11,KG,PO-2025-0095,2025-11-10,Approved
PG-ADDITIVES,,ADD,Molasses,SUPP_PACK_01,MAT-3159,3678.0,0.86,3163.08,2025-11,L,PO-2025-0095,2025-11-10,Approved
PG-GRAIN,,GRAIN,Corn,SUPP_PACK_04,MAT-5204,4224.0,1.59,6716.16,2025-05,KG,PO-2025-0096,2025-05-02,Approved
PG-GRAIN,,GRAIN,Barley Grain,SUPP_PACK_04,MAT-7729,3413.0,1.37,4675.81,2025-05,KG,PO-2025-0096,2025-05-02,Approved
PG-GRAIN,,GRAIN,Barley Grain,SUPP_PACK_04,MAT-7729,3408.0,1.13,3851.04,2025-05,KG,PO-2025-0096,2025-05-02,Approved
PG-GRAIN,,OILSEED,Canola Seeds,SUPP_PACK_04,MAT-4862,4051.0,1.89,7656.39,2025-05,KG,PO-2025-0096,2025-05-02,Approved
PG-GRAIN,,GRAIN,Barley Grain,SUPP_PACK_04,MAT-7729,591.0,1.25,738.75,2025-06,KG,PO-2025-0097,2025-06-22,Released
PG-GRAIN,,MEAL,Soybean Meal,SUPP_PACK_04,MAT-6002,1213.0,2.2,2668.6,2025-06,KG,PO-2025-0097,2025-06-22,Released
PG-GRAIN,,OILSEED,Canola Seeds,SUPP_PACK_04,MAT-4862,1093.0,2.29,2502.97,2025-06,KG,PO-2025-0097,2025-06-22,Released
PG-GRAIN,,GRAIN,Corn,SUPP_PACK_04,MAT-5204,4445.0,1.23,5467.35,2025-06,KG,PO-2025-0097,2025-06-22,Released
PG-ADDITIVES,,ADD,Molasses,SUPP_PACK_05,MAT-3159,2190.0,0.64,1401.6,2025-11,L,PO-2025-0098,2025-11-30,Approved
PG-ADDITIVES,,FORAGE,Alfalfa,SUPP_PACK_05,MAT-5627,3466.0,0.95,3292.7,2025-11,KG,PO-2025-0098,2025-11-30,Approved
PG-ADDITIVES,,BYPROD,Wheat Bran,SUPP_PACK_05,MAT-6214,4775.0,0.69,3294.75,2025-11,KG,PO-2025-0098,2025-11-30,Approved
PG-ADDITIVES,,ADD,Molasses,SUPP_PACK_05,MAT-3159,4992.0,0.94,4692.48,2025-11,L,PO-2025-0098,2025-11-30,Approved
PG-GRAIN,,GRAIN,Corn,SUPP_PACK_01,MAT-5204,3038.0,1.34,4070.92,2025-01,KG,PO-2025-0099,2025-01-05,Pending
PG-GRAIN,,GRAIN,Corn,SUPP_PACK_01,MAT-5204,1183.0,1.51,1786.33,2025-01,KG,PO-2025-0099,2025-01-05,Pending
PG-GRAIN,,GRAIN,Corn,SUPP_PACK_01,MAT-5204,4049.0,1.32,5344.68,2025-01,KG,PO-2025-0099,2025-01-05,Pending
PG-GRAIN,,GRAIN,Corn,SUPP_PACK_01,MAT-5204,3270.0,1.38,4512.6,2025-01,KG,PO-2025-0099,2025-01-05,Pending
PG-MEAL,,MEAL,Soybean Meal,SUPP_PACK_02,MAT-6002,3503.0,2.2,7706.6,2025-03,KG,PO-2025-0100,2025-03-26,Approved
PG-MEAL,,MEAL,Soybean Meal,SUPP_PACK_02,MAT-6002,1593.0,2.04,3249.72,2025-03,KG,PO-2025-0100,2025-03-26,Approved
PG-MEAL,,MEAL,Soybean Meal,SUPP_PACK_02,MAT-6002,2217.0,2.07,4589.19,2025-03,KG,PO-2025-0100,2025-03-26,Approved
PG-MEAL,,MEAL,Soybean Meal,SUPP_PACK_02,MAT-6002,3668.0,2.22,8142.96,2025-03,KG,PO-2025-0100,2025-03-26,Approved
